album_id,date_played,sgf_title,black,white,moves,positions,worker,wall_seconds,seconds_per_position,started_at,completed_at,root_visits,root_visits_per_second,analysis_rules,komi,sgf_sha256,parameter_sha256,report_url
24163,2026-01-29,第81期日本本因坊战本战1回战,吴柏毅,大竹优,209,210,gpu1,437.457,2.083,2026-10-06T19:32:15.838951+00:00,2026-10-06T19:39:33.296330+00:00,420629,961.531,japanese,6.5,8c20a552fbedf41d87f7a645b914ab17f84b4f713b1f76f129a519d11c081133,c9fd76050cb52df82738b65ab13587650e218ea1f683b0c7052c6097720aa2de,https://modelstella.com/galaxy/kifu/24163/report
24162,2026-01-29,第37期日本女流名人战循环圈,藤泽里菜,木部夏生,189,190,gpu0,431.479,2.271,2026-10-06T20:34:32.008443+00:00,2026-10-06T20:41:43.487342+00:00,380569,882.011,japanese,6.5,a15d0938893a0f0aac94982121d3daf602a5943805abbb37345ae33325346af5,24c0bdf1df58479708724be883a98f1442d5313af834a577f1f72f8600238310,https://modelstella.com/galaxy/kifu/24162/report
24159,2026-01-25,2025-2026年度韩国围甲联赛第12轮,崔光户,朴河旼,242,243,gpu0,507.661,2.089,2026-10-06T19:27:21.092979+00:00,2026-10-06T19:35:48.753657+00:00,486728,958.766,japanese,6.5,18875cef6b793ad7b228173731c4662a32d89a0ff1309539078f58545822efd8,cf9e969a3a084fcf6fee0593e6058945d4032f38514a4662da206d581ba04bc2,https://modelstella.com/galaxy/kifu/24159/report
24158,2026-01-25,2025-2026年度韩国围甲联赛第12轮,崔珉瑞,沈载益,254,255,gpu1,300.735,1.179,2026-10-06T18:54:29.647599+00:00,2026-10-06T18:59:30.382254+00:00,510765,1698.391,japanese,6.5,c149e79d414dbbda64d4cc1943e83765c3b76fe33ea6122b8586777eb6c56337,d463e5247f541d82f400583a14c5dd9bc86ce021c04ac502bc9234c2e698a1ec,https://modelstella.com/galaxy/kifu/24158/report
24157,2026-01-25,2025-2026年度韩国围甲联赛第12轮,李宰成,朴常镇,222,223,gpu1,235.13,1.054,2026-10-06T19:17:23.036270+00:00,2026-10-06T19:21:18.166378+00:00,446669,1899.667,japanese,6.5,ec151eda8496693695dadc8d222d3f7b3b1f8ca0051651ea428e13f0014308ab,6ed44c0c6fb5406856e39818a98c1ad21a1900adf81c92d66d748742e6f6b858,https://modelstella.com/galaxy/kifu/24157/report
24156,2026-01-25,2025-2026年度韩国围甲联赛第12轮,申真谞,金明训,289,290,gpu1,288.367,0.994,2026-10-06T18:31:21.059417+00:00,2026-10-06T18:36:09.425966+00:00,580869,2014.343,japanese,6.5,da0a3760a6a6fc21b688e23ed56302b768b4ea0445cab811263f1c3c1424fe48,13f5b52eac3dbb8e6b8876fbd6309afd7adbc87a9c314794b46edfda73efe928,https://modelstella.com/galaxy/kifu/24156/report
24155,2026-01-25,第27届三国赤壁古战场杯中国围棋甲级联赛第15轮,童梦成,陈贤,240,241,gpu0,427.577,1.774,2026-10-06T19:35:48.787253+00:00,2026-10-06T19:42:56.363822+00:00,482720,1128.967,chinese,7.5,8f1b360ef9351c9eaf7679617f1c8d5629591bc72d68343cd44c3d33b1242f30,7f6eda945e864e209015ebab33f4df6d1a1a2b1279aa69ff55cf6cc15a2570c2,https://modelstella.com/galaxy/kifu/24155/report
24147,2026-01-25,27届三国赤壁古战场杯围甲15轮江苏洋河股份-浙江浙商证券2,许嘉阳,赵晨宇,223,224,gpu0,411.397,1.837,2026-10-06T19:52:59.104627+00:00,2026-10-06T19:59:50.501571+00:00,448671,1090.604,chinese,7.5,15502cb39618630c499c2a9c7729fc64c62dcde3861b22f98c4293769c50f75e,22735be165735c799cd94752024856e661101fcd340bfabbea5f0e0e7d17b351,https://modelstella.com/galaxy/kifu/24147/report
24146,2026-01-25,27届三国赤壁古战场杯围甲15轮福建刺桐棋院-河南丰博1台,郑载想,王泽锦,210,211,gpu0,399.046,1.891,2026-10-06T20:14:54.451989+00:00,2026-10-06T20:21:33.498115+00:00,422632,1059.106,chinese,7.5,f672795e63a69de94b161e160de0dec3681edf9bef1b7737fa8adbdafb26dc4d,9966c5c3a69c89352c7948873bc4f937ac63fdfbc0f31955546d7628a586ac07,https://modelstella.com/galaxy/kifu/24146/report
24145,2026-01-25,27届三国赤壁古战场杯围甲15轮苏泊尔杭州-山西元工弘弈1台,谢科,王世一,305,306,gpu0,598.059,1.954,2026-10-06T18:20:37.158420+00:00,2026-10-06T18:30:35.217339+00:00,612917,1024.844,chinese,7.5,04afe80e06f9cf06ecca44c6f4faedf46f7db5b458114a4be0e47b37646854c5,c541045c485e93cfbabd78fb2546eda6d6960dbda6693e463af62c456edf66fd,https://modelstella.com/galaxy/kifu/24145/report
24144,2026-01-25,27届三国赤壁古战场杯围甲15轮苏泊尔杭州-山西元工弘弈3台,韩墨阳,吕立言,220,221,gpu1,243.564,1.102,2026-10-06T19:21:18.224815+00:00,2026-10-06T19:25:21.788953+00:00,442661,1817.431,chinese,7.5,dfd1ba12fbd7a006133efea5d3fa864d974036ed16e7b1ebaab7b2139dcd9e66,da1f8c5787a2bdfdcd8dac0425c4b5ae5daa76a4d2b3193d1ed469e6bf493c3e,https://modelstella.com/galaxy/kifu/24144/report
24143,2026-01-25,27届三国赤壁古战场杯围甲15轮深圳聂道厚势-贵州仁怀酱香4,陈一纯,彭立尧,261,262,gpu1,310.679,1.186,2026-10-06T18:44:36.942232+00:00,2026-10-06T18:49:47.621162+00:00,524786,1689.159,chinese,7.5,e11258cbde419d0f8eaf1073a40c63dbee9d43ea076d3ea5f95f7d44287f9046,6844398a8a0705c89c04f3c1c5787cdaecd692222035a26c64f07127dd6918dc,https://modelstella.com/galaxy/kifu/24143/report
24142,2026-01-25,27届三国赤壁古战场杯围甲15轮深圳龙华-上海聚申体育1台,陶欣然,王星昊,268,269,gpu0,568.144,2.112,2026-10-06T18:48:27.647876+00:00,2026-10-06T18:57:55.791392+00:00,538806,948.362,chinese,7.5,dfdd1204043ae1939e03309e4c0eb794a5b93ae237d767f2b2ffdd2d86de54a8,35df93daa04dae7b056af307ac14ae2a992e6e06996fa1aa3ae2d6f3861d0cdf,https://modelstella.com/galaxy/kifu/24142/report
24141,2026-01-25,27届三国赤壁古战场杯围甲15轮江苏洋河股份-浙江浙商证券4,童梦成,陈贤,241,242,gpu1,228.534,0.944,2026-10-06T19:04:32.961599+00:00,2026-10-06T19:08:21.495513+00:00,484726,2121.024,chinese,7.5,41dd7b478307a6b2561f5abd83bea5151c21276a49c8125791b30b5862467810,9f050733f71bda97c40d463cea7194dfbcd58dc8bec16904f020020ee667983b,https://modelstella.com/galaxy/kifu/24141/report
24140,2026-01-25,27届三国赤壁古战场杯围甲15轮深圳聂道厚势-贵州仁怀酱香3,杨楷文,江维杰,271,272,gpu0,524.745,1.929,2026-10-06T18:39:42.867890+00:00,2026-10-06T18:48:27.612747+00:00,544813,1038.244,chinese,7.5,52c1d8d6c426c66e09010bbc81c2b0d6fe0169415e76d8ae7fecb18712f703f6,7a3c014ca49e65fbb3c83e48d9ec102fc17a80d03308dc49ac801ffc856070bf,https://modelstella.com/galaxy/kifu/24140/report
24139,2026-01-25,27届三国赤壁古战场杯围甲15/15轮成都-山东丰银1台,屠晓宇,范廷钰,281,282,gpu0,547.539,1.942,2026-10-06T18:30:35.273317+00:00,2026-10-06T18:39:42.812320+00:00,564843,1031.603,chinese,7.5,443655b07c8234500f742437a9c596c0596e7dd8da8c2c86f5a5b730c7be1fc9,1f0ede1d7f5b712496217838e9ac75b5291e7baf49d63f4c0d517dbab6b15911,https://modelstella.com/galaxy/kifu/24139/report
24138,2026-01-25,27届三国赤壁古战场杯围甲15轮苏泊尔杭州-山西元工弘弈2台,唐韦星,丁浩,204,205,gpu0,401.901,1.96,2026-10-06T20:27:50.031755+00:00,2026-10-06T20:34:31.932795+00:00,410610,1021.669,chinese,7.5,d3dd32ba6d1af567c973714d19e4c5cd4cbeaf242228d9348b5ac75ea990e6d5,fb25e7da684f2b977fd882124f791c91cc6fe1d75ed035cc86208ea0b1b04374,https://modelstella.com/galaxy/kifu/24138/report
24137,2026-01-25,27届三国赤壁古战场杯围甲15轮江苏洋河股份-浙江浙商证券1,黄云嵩,檀啸,246,247,gpu0,568.66,2.302,2026-10-06T19:17:52.374625+00:00,2026-10-06T19:27:21.034300+00:00,494739,870.009,chinese,7.5,04e368b917177f05ca86422522246d62efab5cbfaf5191fc30f9c82814bb70e9,e1b131d932f85fb44e2ea937e103ec6e6e8d07a53174a1e9143a7443066dd5ff,https://modelstella.com/galaxy/kifu/24137/report
24136,2026-01-25,27届三国赤壁古战场杯围甲15轮深圳龙华-上海聚申体育2台,黄明宇,沈沛然,186,187,gpu1,233.09,1.246,2026-10-06T19:48:18.937214+00:00,2026-10-06T19:52:12.027706+00:00,374559,1606.925,chinese,7.5,0a12fa8f6e31a51af196369ae5e5a3dc6308e3798e211747f1a806830c36811b,402714033df745ddaf2fc34ec4f4d34fd71fdfae3bb0623a8b7ef4a68113cd6c,https://modelstella.com/galaxy/kifu/24136/report
24135,2026-01-25,27届三国赤壁古战场杯围甲15轮上海清一-衢州烂柯4台,刘宇航,李泽锐,151,152,gpu1,227.629,1.498,2026-10-06T20:10:29.130007+00:00,2026-10-06T20:14:16.759355+00:00,304455,1337.503,chinese,7.5,5591dce9c20fac53607a4edf94fac222dedcfac608b8880743b9e14add4f178c,b930b17e81078475beccc59992fc711915262c76fac56df438a79fe0321361f0,https://modelstella.com/galaxy/kifu/24135/report
24134,2026-01-25,27届三国赤壁古战场杯围甲15轮福建刺桐棋院-河南丰博3台,唐嘉雯,黄昕,209,210,gpu1,227.304,1.082,2026-10-06T19:28:28.474470+00:00,2026-10-06T19:32:15.777985+00:00,420629,1850.517,chinese,7.5,41523789b8178a31eb798e94404136464a9a0fcb501ff0c9a5532bbfdefb4622,e43d51029c4fbbd13467a1ffd2f1c35d979033ec7f8b179f8abb97a88ce70855,https://modelstella.com/galaxy/kifu/24134/report
24133,2026-01-25,27届三国赤壁古战场杯围甲15/15轮成都-山东丰银2台,周子弈,党毅飞,234,235,gpu0,602.645,2.564,2026-10-06T19:42:56.423702+00:00,2026-10-06T19:52:59.068739+00:00,470704,781.063,chinese,7.5,1f70c42d7ad37e38ec7b77998510822f2cc32b1b34bf45b5e88097431f3cf48a,ed215a23c387211382a97395194104b6009afc14a6347fdbb531084380e5c1c5,https://modelstella.com/galaxy/kifu/24133/report
24132,2026-01-25,27届三国赤壁古战场杯围甲15轮深圳聂道厚势-贵州仁怀酱香2,陈梓健,范胤,191,192,gpu1,181.009,0.943,2026-10-06T19:45:17.863721+00:00,2026-10-06T19:48:18.872518+00:00,384576,2124.626,chinese,7.5,72f29a8d0fad3f061bf18dce99c01725dbdb17cb62d3f5e5829fff9efaaec500,c6751dc38bb819240de55054b681f8fdfdac412fa8e428d0262ebe3bce2e7001,https://modelstella.com/galaxy/kifu/24132/report
24131,2026-01-25,27届三国赤壁古战场杯围甲15轮杭州智力运动-重庆坎济围棋2,何语涵,胡子豪,221,222,gpu0,445.46,2.007,2026-10-06T19:59:50.553648+00:00,2026-10-06T20:07:16.014013+00:00,444665,998.215,chinese,7.5,7cc8dd21bdf3ac50a3bbf1b733f2fe20dc10c0f0b34ffc356f42501a23a2cccf,c68416222aff62b2ab317b2dab20adf16f070e6f48c0c452c0f02273e042a72e,https://modelstella.com/galaxy/kifu/24131/report
24130,2026-01-25,27届三国赤壁古战场杯围甲15轮上海清一-衢州烂柯2台,连笑,王楚轩,217,218,gpu1,186.582,0.856,2026-10-06T19:25:21.831499+00:00,2026-10-06T19:28:28.413096+00:00,436653,2340.279,chinese,7.5,2523bfbfea7b6c7f967176893aa91ea2f37208226675117fb4084a2202760330,d45ca349f7c90e1819a5304681fd268197cfbb6bbc4b1d0d513bf5b5956d02da,https://modelstella.com/galaxy/kifu/24130/report
24129,2026-01-25,27届三国赤壁古战场杯围甲15/15轮成都-山东丰银3台,谢尔豪,伊凌涛,243,244,gpu1,302.474,1.24,2026-10-06T18:59:30.437521+00:00,2026-10-06T19:04:32.911162+00:00,488732,1615.784,chinese,7.5,83c0cfb450f35f1e7d0001f8e42f25795dc7fc53a39a2c6cc22e80d40d7013bc,e59c0e3b635c8f9f0ac9988ffc6972df2fb01aecc945eb6b5aba348b7867181e,https://modelstella.com/galaxy/kifu/24129/report
24128,2026-01-25,27届三国赤壁古战场杯围甲15轮深圳龙华-上海聚申体育3台,戎毅,李维清,160,161,gpu0,283.895,1.763,2026-10-06T21:10:44.481158+00:00,2026-10-06T21:15:28.376545+00:00,322480,1135.911,chinese,7.5,4f024f1998071dfb36f44741c7b6aa67529a56c9df69317fbc5c9d3303c7a1e3,122103048cb7ce91e77b1b24c5109607fd118b59303763ddbf13e6f06766a102,https://modelstella.com/galaxy/kifu/24128/report
24127,2026-01-25,27届三国赤壁古战场杯围甲15轮杭州智力运动-重庆坎济围棋4,李轩豪,叶长欣,169,170,gpu1,183.759,1.081,2026-10-06T20:00:38.767493+00:00,2026-10-06T20:03:42.526925+00:00,340508,1853.01,chinese,7.5,a063bcc679cc7d20e4a8d6687a9fde6bc4406313995c93a28426cac8f17bb331,e04755b1f5168618bf47468a1dbb2b49797b8f8ae24eb4992434324a5436aa67,https://modelstella.com/galaxy/kifu/24127/report
24126,2026-01-25,27届三国赤壁古战场杯围甲15轮上海清一-衢州烂柯1台,许一笛,柁嘉熹,174,175,gpu0,369.086,2.109,2026-10-06T20:52:52.139543+00:00,2026-10-06T20:59:01.225791+00:00,350524,949.708,chinese,7.5,11b72049c5a6d72cdb3d94d8f7d7d6eadd4003cd4850eb235af0cc89cb17a2df,3a1912c4ac9469b238ea28d3d30650e3ca6976949f13af5560cd59881c224f18,https://modelstella.com/galaxy/kifu/24126/report
24125,2026-01-25,27届三国赤壁古战场杯围甲15轮深圳龙华-上海聚申体育4台,张涛,时越,216,217,gpu0,458.342,2.112,2026-10-06T20:07:16.074707+00:00,2026-10-06T20:14:54.416305+00:00,434648,948.306,chinese,7.5,d9a7b3f0bb075043d6d5eb8146e45453740c164bccaa4701eead753dcd24765d,71f24602e8622055599421b41deb76a33288c5a2c67c795ebb6541ecbea96bc9,https://modelstella.com/galaxy/kifu/24125/report
24124,2026-01-25,27届三国赤壁古战场杯围甲15轮杭州智力运动-重庆坎济围棋3,夏晨琨,傅健恒,180,181,gpu0,362.782,2.004,2026-10-06T20:46:49.318951+00:00,2026-10-06T20:52:52.100545+00:00,362543,999.342,chinese,7.5,a7b7f252f17c601ceb1b236e4ec88622cf55686a7a090be204b96cba844f3c78,ec8ea0e09a851a6c5a6965c8bd5ebd480c1b01c141e11ee1c3ff03242c664990,https://modelstella.com/galaxy/kifu/24124/report
24123,2026-01-25,27届三国赤壁古战场杯围甲15轮福建刺桐棋院-河南丰博2台,黄静远,陈豪鑫,177,178,gpu1,304.356,1.71,2026-10-06T19:55:34.374621+00:00,2026-10-06T20:00:38.730181+00:00,356531,1171.429,chinese,7.5,904083f13edd36a8482bbc49384b068feb4d8406bb0b691c514f4be8baa43dd7,c1f14f1e0f7078c8d1864faca649be7c4f5e54ffdd097d48580371c4931de321,https://modelstella.com/galaxy/kifu/24123/report
24122,2026-01-25,27届三国赤壁古战场杯围甲15轮上海清一-衢州烂柯3台,邱禹然,陈玉侬,185,186,gpu0,305.74,1.644,2026-10-06T20:41:43.525714+00:00,2026-10-06T20:46:49.265293+00:00,372558,1218.547,chinese,7.5,62b80a283723c61fc9e4f6331def2e085b3345c17b7459f9607ccba54f8e04f9,a56e8a09b3e0a3ba7f77852b392b766ecca8d4ca80fd883cefef1d3c3eeafd4d,https://modelstella.com/galaxy/kifu/24122/report
24121,2026-01-25,27届三国赤壁古战场杯围甲15/15轮成都-山东丰银4台,许皓鋐,廖元赫,207,208,gpu0,375.632,1.806,2026-10-06T20:21:33.534241+00:00,2026-10-06T20:27:49.166499+00:00,416622,1109.122,chinese,7.5,b179fc4e4e911b78350fb963913a216ae0f5f4cc318e29b6c65bd62e4ca16e27,a7d8adac44d12288c7d4450334888105eb987ffbf27f433cb7aa4f90ba3e63db,https://modelstella.com/galaxy/kifu/24121/report
24120,2026-01-25,27届三国赤壁古战场杯围甲15轮江苏洋河股份-浙江浙商证券3,芈昱廷,蒋其润,165,166,gpu1,260.356,1.568,2026-10-06T20:03:42.566219+00:00,2026-10-06T20:08:02.922437+00:00,332497,1277.085,chinese,7.5,a47553d6e7a17148da5e75e4249dd8c09efa0347108fcee9d719bd58f44d09c3,cb47ee0de7f89f30f09d7b60f8b9a2e03246d9bfe98f492bd43b6ef360cadbc1,https://modelstella.com/galaxy/kifu/24120/report
24119,2026-01-25,27届三国赤壁古战场杯围甲15轮深圳聂道厚势-贵州仁怀酱香1,辜梓豪,薛冠华,119,120,gpu0,195.912,1.633,2026-10-06T21:24:47.159673+00:00,2026-10-06T21:28:03.071511+00:00,240360,1226.878,chinese,7.5,8a017a98bfd8328d61824b75990bfa38e42951ea06f723aa116e0021c3656371,15d88595736300b0bf785c8d8fe34c379d171206151fd9b02ddc204699b9119d,https://modelstella.com/galaxy/kifu/24119/report
24118,2026-01-25,27届三国赤壁古战场杯围甲15轮杭州智力运动-重庆坎济围棋1,李昊潼,杨鼎新,152,153,gpu1,146.085,0.955,2026-10-06T20:08:02.981359+00:00,2026-10-06T20:10:29.066789+00:00,306459,2097.807,chinese,7.5,14875916430092a96a287c0c7fceee53111370eea7413274dc8910d3b10e3150,a08897e84ca2e093953d3b622c19ba0b48552ddeeae97716e0057f7ff87b397f,https://modelstella.com/galaxy/kifu/24118/report
24117,2026-01-25,27届三国赤壁古战场杯围甲15轮苏泊尔杭州-山西元工弘弈4台,陈正勋,李钦诚,240,241,gpu1,303.411,1.259,2026-10-06T19:08:21.554866+00:00,2026-10-06T19:13:24.965728+00:00,482723,1590.988,chinese,7.5,c617145402aa817588e6b8f77b5ef5b99a108c80ce9f4b00ef470de436354abf,01bfbeaa50ed05c292611c4d9471b48d6aaaa55d63be853baa827ceb8f8006f2,https://modelstella.com/galaxy/kifu/24117/report
24116,2026-01-25,27届三国赤壁古战场杯围甲15轮福建刺桐棋院-河南丰博4台,刘兆哲,李欣宸,132,133,gpu0,274.547,2.064,2026-10-06T21:20:12.571855+00:00,2026-10-06T21:24:47.118662+00:00,266399,970.323,chinese,7.5,be22566986bc84d8614f6e9960f2268c388170b8edad45166391c91b4031e647,e333ae5702a5e68f237cde18b85c4b48bbed5ed94a376f49b83cb80ed716c83c,https://modelstella.com/galaxy/kifu/24116/report
24154,2026-01-24,2025-2026年度韩国围甲联赛第12轮,姜知勋,金升宰,148,149,gpu0,284.117,1.907,2026-10-06T21:15:28.416315+00:00,2026-10-06T21:20:12.533328+00:00,298447,1050.437,japanese,6.5,c574e510e6977b58156fd2092160629cf1559d58e05bc4161876ea7497c3f1dc,4274309a04d4bc6c75596197b4cc9b03cf69d6d9012e1c38bc7da0a7be7ed833,https://modelstella.com/galaxy/kifu/24154/report
24153,2026-01-24,2025-2026年度韩国围甲联赛第12轮,权孝珍（男）,金恩持,170,171,gpu0,386.355,2.259,2026-10-06T20:59:01.289768+00:00,2026-10-06T21:05:27.645108+00:00,342512,886.521,japanese,6.5,93d9c4999c36b58784099b1df2c6b38d54e572855a693cc533f2782dd7331859,d76529a7aab8076c78d561c7a69f2ecf6d7f864daa6ed14bf6d70b30f30e2af8,https://modelstella.com/galaxy/kifu/24153/report
24152,2026-01-24,2025-2026年度韩国围甲联赛第12轮,李元荣,金庭贤,146,147,gpu1,178.281,1.213,2026-10-06T20:14:16.799488+00:00,2026-10-06T20:17:15.080549+00:00,294440,1651.55,japanese,6.5,fa3208e05a1e2bf125eb268a309b1d49d8aeac9e266cd8fbb60f6093069638d2,3f169398ef28e4629c5e715426c5666fbae46fcbb261caec4f3fef2561f9c0bb,https://modelstella.com/galaxy/kifu/24152/report
24151,2026-01-24,2025-2026年度韩国围甲联赛第12轮,罗玄,朴廷桓,261,262,gpu1,281.936,1.076,2026-10-06T18:49:47.658921+00:00,2026-10-06T18:54:29.595419+00:00,524785,1861.359,japanese,6.5,605f7cc2986ad46e0ec6ee6740473007067081ec1dbe00f6c3ea332303f5cfe8,b2708a26b318b8bd6501db2087530eabf3ace2de58dfaa59b94af0d11fdd5760,https://modelstella.com/galaxy/kifu/24151/report
24149,2026-01-24,2026野狐围棋研究会快棋训练赛,陈浩,李东方,257,258,gpu0,607.081,2.353,2026-10-06T18:57:55.826650+00:00,2026-10-06T19:08:02.907962+00:00,516772,851.24,chinese,7.5,5ed665c0180c669e151cd2e83d1897f798f9c7d061de799ccffa275c70595b27,14215c6e8aba267340e0b039b15fc7514e5254039aa5d9ec2507ec1f1265772a,https://modelstella.com/galaxy/kifu/24149/report
24148,2026-01-24,2026野狐围棋研究会快棋训练赛,李东方,陈浩,196,197,gpu1,344.448,1.748,2026-10-06T19:39:33.350695+00:00,2026-10-06T19:45:17.799092+00:00,394590,1145.571,chinese,7.5,a562394679ff8d9f95feb72523a4dd31b7e3c2487484a202d08a32cedd97a304,84f2958aaac292b4affcef3ecd5ad9a8e8f2cf0ef96059ff41d9b6bc4a6565ff,https://modelstella.com/galaxy/kifu/24148/report
24115,2026-01-24,第50期日本棋圣战挑战赛7番棋第1局,芝野虎丸,一力辽,236,237,gpu1,237.973,1.004,2026-10-06T19:13:25.026226+00:00,2026-10-06T19:17:22.999184+00:00,474710,1994.806,japanese,6.5,7e9239bc10846cf14acd30aab74ee3dc55c6c1b53df39c5aa5c5d6219fa74341,f3aa31a6577a09a425d10694c665cfd42d8b0bd7c13150d8d0b26bba33ad36e7,https://modelstella.com/galaxy/kifu/24115/report
24110,2026-01-24,2026野狐围棋研究会春季循环赛,张歆宇,柳琪峰,163,164,gpu0,316.734,1.931,2026-10-06T21:05:27.707654+00:00,2026-10-06T21:10:44.441845+00:00,328491,1037.119,chinese,7.5,5f4ff1398bb9c4fe25c5fce542f4c92abbfa42c3e9bb5b67c658218981302fe0,9176505beeb9fee101dea4a624ec0c193c993276b8d399f577b0f9ebcec96c8f,https://modelstella.com/galaxy/kifu/24110/report
24112,2026-01-23,第26届台湾天元赛初赛第2轮,林怡廷,陈威廷,294,295,gpu1,643.058,2.18,2026-10-06T18:20:37.953866+00:00,2026-10-06T18:31:21.012051+00:00,590885,918.867,japanese,6.5,3bbc4d45a6b22933ff21610a1053ad506fd324d26c7f58858d3b3bd81bc61e24,8478cdb69afbc99a16dd9a508954f1131947edeea5f5c9ca41a0147eddf20230,https://modelstella.com/galaxy/kifu/24112/report
24111,2026-01-23,第26届台湾天元赛初赛第2轮,李嘉馨,周可平,276,277,gpu1,507.432,1.832,2026-10-06T18:36:09.476991+00:00,2026-10-06T18:44:36.908849+00:00,554830,1093.408,japanese,6.5,d43ebae7ae47d86c3ff18cb25b96fbc4287fe31dd27c1e4eaa638dae55965951,01b39e2c04623713dfb3e31b6b28a0eaab9b8c981c49f979c8ead571ef5c3acb,https://modelstella.com/galaxy/kifu/24111/report
24109,2026-01-23,第27届三国赤壁古战场杯中国围棋甲级联赛第14轮,陈正勋,王硕（小）,181,182,gpu1,202.219,1.111,2026-10-06T19:52:12.091294+00:00,2026-10-06T19:55:34.309863+00:00,364543,1802.718,chinese,7.5,965dfb2075cdd61d666d3f0f341816bf78d9aa0e5de5f600dfc5942ba916e9e5,735495e94fa70a893e44969858dce7a520c34e3034e51863f5236c308bcb7653,https://modelstella.com/galaxy/kifu/24109/report
24108,2026-01-23,2025-2026年度韩国围甲联赛第12轮,金昇珍,姜儒泽,250,251,gpu0,589.375,2.348,2026-10-06T19:08:02.941212+00:00,2026-10-06T19:17:52.316123+00:00,502751,853.024,japanese,6.5,c76c15ca62456f6093864da0c5c88648d3155d917b46fb7b386ad54cf9df7936,c2b355380f4445415af70048728e138c46d1d66148ef8049edcfd496dca32266,https://modelstella.com/galaxy/kifu/24108/report
12087,2024-04-24,2届衢州烂柯杯世界公开赛48强,酒井佑规,张涛,11,12,gpu1,11.078,0.923,2026-10-06T20:17:43.925230+00:00,2026-10-06T20:17:55.003715+00:00,24036,2169.611,chinese,7.5,5278a1a51f51233241b6718718b013a7ec6cb1f1fb269759f9ff69a1f7e584f1,de57fbb66534e95575ca6fed527764225301bfd359f24141750afab4449ac8cb,https://modelstella.com/galaxy/kifu/12087/report
85633,1900-01-01,GoWeeklyMini-go,YukiSatoshi,SaitoTadashi,21,22,gpu1,28.748,1.307,2026-10-06T20:17:15.137143+00:00,2026-10-06T20:17:43.885615+00:00,44066,1532.812,chinese,6.5,6ee1a204352424949e57a2c02eb07e575823169584a6fb8f86ef89ddcaac1876,ed0b386cf5563a6c7db81cd539711f429e140d2b7115bb1e2919de6aefc1712c,https://modelstella.com/galaxy/kifu/85633/report
